{"MinTemp": 12.176265985687321, "MaxTemp": 23.21851318413472, "Rainfall": 2.353023737276353, "WindGustSpeed": 39.97696590567092, "WindSpeed9am": 14.00484880453637, "WindSpeed3pm": 18.65046426633634, "Humidity9am": 68.86637567025834, "Humidity3pm": 51.43329553654262, "Pressure9am": 1017.6846381784158, "Pressure3pm": 1015.2862042214302, "Temp9am": 16.97004105073709, "Temp3pm": 21.681340408966108}